date,gdp,real_gdp,unemployment_rate,interest_rate,fund_rate
2000-01-02,10002.179,13878.147,4.0,3.41105112,
2000-01-09,10002.179,13878.147,4.0,3.41105112,
2000-01-16,10002.179,13878.147,4.0,3.41105112,
2000-01-23,10002.179,13878.147,4.0,3.41105112,
2000-01-30,10002.179,13878.147,4.0,3.41105112,
2000-02-06,10002.179,13878.147,4.1,3.51334339,
2000-02-13,10002.179,13878.147,4.1,3.51334339,
2000-02-20,10002.179,13878.147,4.1,3.51334339,
2000-02-27,10002.179,13878.147,4.1,3.51334339,
2000-03-05,10002.179,13878.147,4.0,3.44034736,
2000-03-12,10002.179,13878.147,4.0,3.44034736,
2000-03-19,10002.179,13878.147,4.0,3.44034736,
2000-03-26,10002.179,13878.147,4.0,3.44034736,
2000-04-02,10247.72,14130.908,3.8,3.20296665,
2000-04-09,10247.72,14130.908,3.8,3.20296665,
2000-04-16,10247.72,14130.908,3.8,3.20296665,
2000-04-23,10247.72,14130.908,3.8,3.20296665,
2000-04-30,10247.72,14130.908,3.8,3.20296665,
2000-05-07,10247.72,14130.908,4.0,3.3605311,
2000-05-14,10247.72,14130.908,4.0,3.3605311,
2000-05-21,10247.72,14130.908,4.0,3.3605311,
2000-05-28,10247.72,14130.908,4.0,3.3605311,
2000-06-04,10247.72,14130.908,4.0,3.1278929,
2000-06-11,10247.72,14130.908,4.0,3.1278929,
2000-06-18,10247.72,14130.908,4.0,3.1278929,
2000-06-25,10247.72,14130.908,4.0,3.1278929,
2000-07-02,10318.165,14145.312,4.0,3.06235485,
2000-07-09,10318.165,14145.312,4.0,3.06235485,
2000-07-16,10318.165,14145.312,4.0,3.06235485,
2000-07-23,10318.165,14145.312,4.0,3.06235485,
2000-07-30,10318.165,14145.312,4.0,3.06235485,
2000-08-06,10318.165,14145.312,4.1,3.04561328,
2000-08-13,10318.165,14145.312,4.1,3.04561328,
2000-08-20,10318.165,14145.312,4.1,3.04561328,
2000-08-27,10318.165,14145.312,4.1,3.04561328,
2000-09-03,10318.165,14145.312,3.9,2.88599618,
2000-09-10,10318.165,14145.312,3.9,2.88599618,
2000-09-17,10318.165,14145.312,3.9,2.88599618,
2000-09-24,10318.165,14145.312,3.9,2.88599618,
2000-10-01,10435.744,14229.765,3.9,2.87662559,
2000-10-08,10435.744,14229.765,3.9,2.87662559,
2000-10-15,10435.744,14229.765,3.9,2.87662559,
2000-10-22,10435.744,14229.765,3.9,2.87662559,
2000-10-29,10435.744,14229.765,3.9,2.87662559,
2000-11-05,10435.744,14229.765,3.9,2.83313793,
2000-11-12,10435.744,14229.765,3.9,2.83313793,
2000-11-19,10435.744,14229.765,3.9,2.83313793,
2000-11-26,10435.744,14229.765,3.9,2.83313793,
2000-12-03,10435.744,14229.765,3.9,2.63921042,
2000-12-10,10435.744,14229.765,3.9,2.63921042,
2000-12-17,10435.744,14229.765,3.9,2.63921042,
2000-12-24,10435.744,14229.765,3.9,2.63921042,
2000-12-31,10435.744,14229.765,3.9,2.63921042,
2001-01-07,10470.231,14183.12,4.2,2.25143294,
2001-01-14,10470.231,14183.12,4.2,2.25143294,
2001-01-21,10470.231,14183.12,4.2,2.25143294,
2001-01-28,10470.231,14183.12,4.2,2.25143294,
2001-02-04,10470.231,14183.12,4.2,2.26701398,
2001-02-11,10470.231,14183.12,4.2,2.26701398,
2001-02-18,10470.231,14183.12,4.2,2.26701398,
2001-02-25,10470.231,14183.12,4.2,2.26701398,
2001-03-04,10470.231,14183.12,4.3,2.26729473,
2001-03-11,10470.231,14183.12,4.3,2.26729473,
2001-03-18,10470.231,14183.12,4.3,2.26729473,
2001-03-25,10470.231,14183.12,4.3,2.26729473,
2001-04-01,10599.0,14271.694,4.4,2.22098391,
2001-04-08,10599.0,14271.694,4.4,2.22098391,
2001-04-15,10599.0,14271.694,4.4,2.22098391,
2001-04-22,10599.0,14271.694,4.4,2.22098391,
2001-04-29,10599.0,14271.694,4.4,2.22098391,
2001-05-06,10599.0,14271.694,4.3,2.43341797,
2001-05-13,10599.0,14271.694,4.3,2.43341797,
2001-05-20,10599.0,14271.694,4.3,2.43341797,
2001-05-27,10599.0,14271.694,4.3,2.43341797,
2001-06-03,10599.0,14271.694,4.5,2.52645602,
2001-06-10,10599.0,14271.694,4.5,2.52645602,
2001-06-17,10599.0,14271.694,4.5,2.52645602,
2001-06-24,10599.0,14271.694,4.5,2.52645602,
2001-07-01,10598.02,14214.516,4.6,2.52836744,
2001-07-08,10598.02,14214.516,4.6,2.52836744,
2001-07-15,10598.02,14214.516,4.6,2.52836744,
2001-07-22,10598.02,14214.516,4.6,2.52836744,
2001-07-29,10598.02,14214.516,4.6,2.52836744,
2001-08-05,10598.02,14214.516,4.9,2.33436142,
2001-08-12,10598.02,14214.516,4.9,2.33436142,
2001-08-19,10598.02,14214.516,4.9,2.33436142,
2001-08-26,10598.02,14214.516,4.9,2.33436142,
2001-09-02,10598.02,14214.516,5.0,2.17776797,
2001-09-09,10598.02,14214.516,5.0,2.17776797,
2001-09-16,10598.02,14214.516,5.0,2.17776797,
2001-09-23,10598.02,14214.516,5.0,2.17776797,
2001-09-30,10598.02,14214.516,5.0,2.17776797,
2001-10-07,10660.465,14253.574,5.3,1.98693245,
2001-10-14,10660.465,14253.574,5.3,1.98693245,
2001-10-21,10660.465,14253.574,5.3,1.98693245,
2001-10-28,10660.465,14253.574,5.3,1.98693245,
2001-11-04,10660.465,14253.574,5.5,1.81476553,
2001-11-11,10660.465,14253.574,5.5,1.81476553,
2001-11-18,10660.465,14253.574,5.5,1.81476553,
2001-11-25,10660.465,14253.574,5.5,1.81476553,
2001-12-02,10660.465,14253.574,5.7,2.0405763,
2001-12-09,10660.465,14253.574,5.7,2.0405763,
2001-12-16,10660.465,14253.574,5.7,2.0405763,
2001-12-23,10660.465,14253.574,5.7,2.0405763,
2001-12-30,10660.465,14253.574,5.7,2.0405763,
2002-01-06,10783.5,14372.785,5.7,2.52349996,
2002-01-13,10783.5,14372.785,5.7,2.52349996,
2002-01-20,10783.5,14372.785,5.7,2.52349996,
2002-01-27,10783.5,14372.785,5.7,2.52349996,
2002-02-03,10783.5,14372.785,5.7,2.40007343,
2002-02-10,10783.5,14372.785,5.7,2.40007343,
2002-02-17,10783.5,14372.785,5.7,2.40007343,
2002-02-24,10783.5,14372.785,5.7,2.40007343,
2002-03-03,10783.5,14372.785,5.7,2.42129018,
2002-03-10,10783.5,14372.785,5.7,2.42129018,
2002-03-17,10783.5,14372.785,5.7,2.42129018,
2002-03-24,10783.5,14372.785,5.7,2.42129018,
2002-03-31,10783.5,14372.785,5.7,2.42129018,
2002-04-07,10887.46,14460.848,5.9,2.70112632,
2002-04-14,10887.46,14460.848,5.9,2.70112632,
2002-04-21,10887.46,14460.848,5.9,2.70112632,
2002-04-28,10887.46,14460.848,5.9,2.70112632,
2002-05-05,10887.46,14460.848,5.8,2.35054993,
2002-05-12,10887.46,14460.848,5.8,2.35054993,
2002-05-19,10887.46,14460.848,5.8,2.35054993,
2002-05-26,10887.46,14460.848,5.8,2.35054993,
2002-06-02,10887.46,14460.848,5.8,2.31986391,
2002-06-09,10887.46,14460.848,5.8,2.31986391,
2002-06-16,10887.46,14460.848,5.8,2.31986391,
2002-06-23,10887.46,14460.848,5.8,2.31986391,
2002-06-30,10887.46,14460.848,5.8,2.31986391,
2002-07-07,10984.04,14519.633,5.8,2.14192855,
2002-07-14,10984.04,14519.633,5.8,2.14192855,
2002-07-21,10984.04,14519.633,5.8,2.14192855,
2002-07-28,10984.04,14519.633,5.8,2.14192855,
2002-08-04,10984.04,14519.633,5.7,1.74226259,
2002-08-11,10984.04,14519.633,5.7,1.74226259,
2002-08-18,10984.04,14519.633,5.7,1.74226259,
2002-08-25,10984.04,14519.633,5.7,1.74226259,
2002-09-01,10984.04,14519.633,5.7,1.44610825,
2002-09-08,10984.04,14519.633,5.7,1.44610825,
2002-09-15,10984.04,14519.633,5.7,1.44610825,
2002-09-22,10984.04,14519.633,5.7,1.44610825,
2002-09-29,10984.04,14519.633,5.7,1.44610825,
2002-10-06,11061.433,14537.58,5.7,1.26869564,
2002-10-13,11061.433,14537.58,5.7,1.26869564,
2002-10-20,11061.433,14537.58,5.7,1.26869564,
2002-10-27,11061.433,14537.58,5.7,1.26869564,
2002-11-03,11061.433,14537.58,5.9,1.39558681,
2002-11-10,11061.433,14537.58,5.9,1.39558681,
2002-11-17,11061.433,14537.58,5.9,1.39558681,
2002-11-24,11061.433,14537.58,5.9,1.39558681,
2002-12-01,11061.433,14537.58,6.0,1.69225366,
2002-12-08,11061.433,14537.58,6.0,1.69225366,
2002-12-15,11061.433,14537.58,6.0,1.69225366,
2002-12-22,11061.433,14537.58,6.0,1.69225366,
2002-12-29,11061.433,14537.58,6.0,1.69225366,
2003-01-05,11174.129,14614.141,5.8,1.48820174,
2003-01-12,11174.129,14614.141,5.8,1.48820174,
2003-01-19,11174.129,14614.141,5.8,1.48820174,
2003-01-26,11174.129,14614.141,5.8,1.48820174,
2003-02-02,11174.129,14614.141,5.9,1.466379,
2003-02-09,11174.129,14614.141,5.9,1.466379,
2003-02-16,11174.129,14614.141,5.9,1.466379,
2003-02-23,11174.129,14614.141,5.9,1.466379,
2003-03-02,11174.129,14614.141,5.9,1.22359095,
2003-03-09,11174.129,14614.141,5.9,1.22359095,
2003-03-16,11174.129,14614.141,5.9,1.22359095,
2003-03-23,11174.129,14614.141,5.9,1.22359095,
2003-03-30,11174.129,14614.141,5.9,1.22359095,
2003-04-06,11312.766,14743.567,6.0,1.30961847,
2003-04-13,11312.766,14743.567,6.0,1.30961847,
2003-04-20,11312.766,14743.567,6.0,1.30961847,
2003-04-27,11312.766,14743.567,6.0,1.30961847,
2003-05-04,11312.766,14743.567,6.1,1.37072098,
2003-05-11,11312.766,14743.567,6.1,1.37072098,
2003-05-18,11312.766,14743.567,6.1,1.37072098,
2003-05-25,11312.766,14743.567,6.1,1.37072098,
2003-06-01,11312.766,14743.567,6.3,0.90511574,
2003-06-08,11312.766,14743.567,6.3,0.90511574,
2003-06-15,11312.766,14743.567,6.3,0.90511574,
2003-06-22,11312.766,14743.567,6.3,0.90511574,
2003-06-29,11312.766,14743.567,6.3,0.90511574,
2003-07-06,11566.669,14988.782,6.2,1.12868896,
2003-07-13,11566.669,14988.782,6.2,1.12868896,
2003-07-20,11566.669,14988.782,6.2,1.12868896,
2003-07-27,11566.669,14988.782,6.2,1.12868896,
2003-08-03,11566.669,14988.782,6.1,1.75170446,
2003-08-10,11566.669,14988.782,6.1,1.75170446,
2003-08-17,11566.669,14988.782,6.1,1.75170446,
2003-08-24,11566.669,14988.782,6.1,1.75170446,
2003-08-31,11566.669,14988.782,6.1,1.75170446,
2003-09-07,11566.669,14988.782,6.1,1.89723825,
2003-09-14,11566.669,14988.782,6.1,1.89723825,
2003-09-21,11566.669,14988.782,6.1,1.89723825,
2003-09-28,11566.669,14988.782,6.1,1.89723825,
2003-10-05,11772.234,15162.76,6.0,1.38081936,
2003-10-12,11772.234,15162.76,6.0,1.38081936,
2003-10-19,11772.234,15162.76,6.0,1.38081936,
2003-10-26,11772.234,15162.76,6.0,1.38081936,
2003-11-02,11772.234,15162.76,5.8,1.71390165,
2003-11-09,11772.234,15162.76,5.8,1.71390165,
2003-11-16,11772.234,15162.76,5.8,1.71390165,
2003-11-23,11772.234,15162.76,5.8,1.71390165,
2003-11-30,11772.234,15162.76,5.8,1.71390165,
2003-12-07,11772.234,15162.76,5.7,1.71357266,
2003-12-14,11772.234,15162.76,5.7,1.71357266,
2003-12-21,11772.234,15162.76,5.7,1.71357266,
2003-12-28,11772.234,15162.76,5.7,1.71357266,
2004-01-04,11923.447,15248.68,5.7,1.70195436,
2004-01-11,11923.447,15248.68,5.7,1.70195436,
2004-01-18,11923.447,15248.68,5.7,1.70195436,
2004-01-25,11923.447,15248.68,5.7,1.70195436,
2004-02-01,11923.447,15248.68,5.6,1.57158074,
2004-02-08,11923.447,15248.68,5.6,1.57158074,
2004-02-15,11923.447,15248.68,5.6,1.57158074,
2004-02-22,11923.447,15248.68,5.6,1.57158074,
2004-02-29,11923.447,15248.68,5.6,1.57158074,
2004-03-07,11923.447,15248.68,5.8,1.47016466,
2004-03-14,11923.447,15248.68,5.8,1.47016466,
2004-03-21,11923.447,15248.68,5.8,1.47016466,
2004-03-28,11923.447,15248.68,5.8,1.47016466,
2004-04-04,12112.815,15366.85,5.6,1.35814941,
2004-04-11,12112.815,15366.85,5.6,1.35814941,
2004-04-18,12112.815,15366.85,5.6,1.35814941,
2004-04-25,12112.815,15366.85,5.6,1.35814941,
2004-05-02,12112.815,15366.85,5.6,1.88324516,
2004-05-09,12112.815,15366.85,5.6,1.88324516,
2004-05-16,12112.815,15366.85,5.6,1.88324516,
2004-05-23,12112.815,15366.85,5.6,1.88324516,
2004-05-30,12112.815,15366.85,5.6,1.88324516,
2004-06-06,12112.815,15366.85,5.6,1.94657611,
2004-06-13,12112.815,15366.85,5.6,1.94657611,
2004-06-20,12112.815,15366.85,5.6,1.94657611,
2004-06-27,12112.815,15366.85,5.6,1.94657611,
2004-07-04,12305.307,15512.619,5.5,1.93379862,
2004-07-11,12305.307,15512.619,5.5,1.93379862,
2004-07-18,12305.307,15512.619,5.5,1.93379862,
2004-07-25,12305.307,15512.619,5.5,1.93379862,
2004-08-01,12305.307,15512.619,5.4,1.85580269,
2004-08-08,12305.307,15512.619,5.4,1.85580269,
2004-08-15,12305.307,15512.619,5.4,1.85580269,
2004-08-22,12305.307,15512.619,5.4,1.85580269,
2004-08-29,12305.307,15512.619,5.4,1.85580269,
2004-09-05,12305.307,15512.619,5.4,1.48469164,
2004-09-12,12305.307,15512.619,5.4,1.48469164,
2004-09-19,12305.307,15512.619,5.4,1.48469164,
2004-09-26,12305.307,15512.619,5.4,1.48469164,
2004-10-03,12527.214,15670.88,5.5,1.6871063,
2004-10-10,12527.214,15670.88,5.5,1.6871063,
2004-10-17,12527.214,15670.88,5.5,1.6871063,
2004-10-24,12527.214,15670.88,5.5,1.6871063,
2004-10-31,12527.214,15670.88,5.5,1.6871063,
2004-11-07,12527.214,15670.88,5.4,1.60768876,
2004-11-14,12527.214,15670.88,5.4,1.60768876,
2004-11-21,12527.214,15670.88,5.4,1.60768876,
2004-11-28,12527.214,15670.88,5.4,1.60768876,
2004-12-05,12527.214,15670.88,5.4,1.90953662,
2004-12-12,12527.214,15670.88,5.4,1.90953662,
2004-12-19,12527.214,15670.88,5.4,1.90953662,
2004-12-26,12527.214,15670.88,5.4,1.90953662,
2005-01-02,12767.286,15844.727,5.3,1.7792759,
2005-01-09,12767.286,15844.727,5.3,1.7792759,
2005-01-16,12767.286,15844.727,5.3,1.7792759,
2005-01-23,12767.286,15844.727,5.3,1.7792759,
2005-01-30,12767.286,15844.727,5.3,1.7792759,
2005-02-06,12767.286,15844.727,5.4,1.81315912,
2005-02-13,12767.286,15844.727,5.4,1.81315912,
2005-02-20,12767.286,15844.727,5.4,1.81315912,
2005-02-27,12767.286,15844.727,5.4,1.81315912,
2005-03-06,12767.286,15844.727,5.2,1.97934111,
2005-03-13,12767.286,15844.727,5.2,1.97934111,
2005-03-20,12767.286,15844.727,5.2,1.97934111,
2005-03-27,12767.286,15844.727,5.2,1.97934111,
2005-04-03,12922.656,15922.782,5.2,2.02052684,
2005-04-10,12922.656,15922.782,5.2,2.02052684,
2005-04-17,12922.656,15922.782,5.2,2.02052684,
2005-04-24,12922.656,15922.782,5.2,2.02052684,
2005-05-01,12922.656,15922.782,5.1,1.78986568,
2005-05-08,12922.656,15922.782,5.1,1.78986568,
2005-05-15,12922.656,15922.782,5.1,1.78986568,
2005-05-22,12922.656,15922.782,5.1,1.78986568,
2005-05-29,12922.656,15922.782,5.1,1.78986568,
2005-06-05,12922.656,15922.782,5.0,1.66688811,
2005-06-12,12922.656,15922.782,5.0,1.66688811,
2005-06-19,12922.656,15922.782,5.0,1.66688811,
2005-06-26,12922.656,15922.782,5.0,1.66688811,
2005-07-03,13142.642,16047.587,5.0,1.82002108,
2005-07-10,13142.642,16047.587,5.0,1.82002108,
2005-07-17,13142.642,16047.587,5.0,1.82002108,
2005-07-24,13142.642,16047.587,5.0,1.82002108,
2005-07-31,13142.642,16047.587,5.0,1.82002108,
2005-08-07,13142.642,16047.587,4.9,2.00821677,
2005-08-14,13142.642,16047.587,4.9,2.00821677,
2005-08-21,13142.642,16047.587,4.9,2.00821677,
2005-08-28,13142.642,16047.587,4.9,2.00821677,
2005-09-04,13142.642,16047.587,5.0,1.73569017,
2005-09-11,13142.642,16047.587,5.0,1.73569017,
2005-09-18,13142.642,16047.587,5.0,1.73569017,
2005-09-25,13142.642,16047.587,5.0,1.73569017,
2005-10-02,13324.204,16136.734,5.0,1.96704484,
2005-10-09,13324.204,16136.734,5.0,1.96704484,
2005-10-16,13324.204,16136.734,5.0,1.96704484,
2005-10-23,13324.204,16136.734,5.0,1.96704484,
2005-10-30,13324.204,16136.734,5.0,1.96704484,
2005-11-06,13324.204,16136.734,5.0,2.07568901,
2005-11-13,13324.204,16136.734,5.0,2.07568901,
2005-11-20,13324.204,16136.734,5.0,2.07568901,
2005-11-27,13324.204,16136.734,5.0,2.07568901,
2005-12-04,13324.204,16136.734,4.9,2.01834727,
2005-12-11,13324.204,16136.734,4.9,2.01834727,
2005-12-18,13324.204,16136.734,4.9,2.01834727,
2005-12-25,13324.204,16136.734,4.9,2.01834727,
2006-01-01,13599.16,16353.835,4.7,2.06484172,
2006-01-08,13599.16,16353.835,4.7,2.06484172,
2006-01-15,13599.16,16353.835,4.7,2.06484172,
2006-01-22,13599.16,16353.835,4.7,2.06484172,
2006-01-29,13599.16,16353.835,4.7,2.06484172,
2006-02-05,13599.16,16353.835,4.8,2.20441278,
2006-02-12,13599.16,16353.835,4.8,2.20441278,
2006-02-19,13599.16,16353.835,4.8,2.20441278,
2006-02-26,13599.16,16353.835,4.8,2.20441278,
2006-03-05,13599.16,16353.835,4.7,2.38362088,
2006-03-12,13599.16,16353.835,4.7,2.38362088,
2006-03-19,13599.16,16353.835,4.7,2.38362088,
2006-03-26,13599.16,16353.835,4.7,2.38362088,
2006-04-02,13753.424,16396.151,4.7,2.35839303,
2006-04-09,13753.424,16396.151,4.7,2.35839303,
2006-04-16,13753.424,16396.151,4.7,2.35839303,
2006-04-23,13753.424,16396.151,4.7,2.35839303,
2006-04-30,13753.424,16396.151,4.7,2.35839303,
2006-05-07,13753.424,16396.151,4.6,2.40637015,
2006-05-14,13753.424,16396.151,4.6,2.40637015,
2006-05-21,13753.424,16396.151,4.6,2.40637015,
2006-05-28,13753.424,16396.151,4.6,2.40637015,
2006-06-04,13753.424,16396.151,4.6,2.45080986,
2006-06-11,13753.424,16396.151,4.6,2.45080986,
2006-06-18,13753.424,16396.151,4.6,2.45080986,
2006-06-25,13753.424,16396.151,4.6,2.45080986,
2006-07-02,13870.188,16420.738,4.7,2.49634953,
2006-07-09,13870.188,16420.738,4.7,2.49634953,
2006-07-16,13870.188,16420.738,4.7,2.49634953,
2006-07-23,13870.188,16420.738,4.7,2.49634953,
2006-07-30,13870.188,16420.738,4.7,2.49634953,
2006-08-06,13870.188,16420.738,4.7,2.2982861,
2006-08-13,13870.188,16420.738,4.7,2.2982861,
2006-08-20,13870.188,16420.738,4.7,2.2982861,
2006-08-27,13870.188,16420.738,4.7,2.2982861,
2006-09-03,13870.188,16420.738,4.5,2.20605719,
2006-09-10,13870.188,16420.738,4.5,2.20605719,
2006-09-17,13870.188,16420.738,4.5,2.20605719,
2006-09-24,13870.188,16420.738,4.5,2.20605719,
2006-10-01,14039.56,16561.866,4.4,2.21206207,
2006-10-08,14039.56,16561.866,4.4,2.21206207,
2006-10-15,14039.56,16561.866,4.4,2.21206207,
2006-10-22,14039.56,16561.866,4.4,2.21206207,
2006-10-29,14039.56,16561.866,4.4,2.21206207,
2006-11-05,14039.56,16561.866,4.5,2.1998854,
2006-11-12,14039.56,16561.866,4.5,2.1998854,
2006-11-19,14039.56,16561.866,4.5,2.1998854,
2006-11-26,14039.56,16561.866,4.5,2.1998854,
2006-12-03,14039.56,16561.866,4.4,2.12213778,
2006-12-10,14039.56,16561.866,4.4,2.12213778,
2006-12-17,14039.56,16561.866,4.4,2.12213778,
2006-12-24,14039.56,16561.866,4.4,2.12213778,
2006-12-31,14039.56,16561.866,4.4,2.12213778,
2007-01-07,14215.651,16611.69,4.6,2.14807579,
2007-01-14,14215.651,16611.69,4.6,2.14807579,
2007-01-21,14215.651,16611.69,4.6,2.14807579,
2007-01-28,14215.651,16611.69,4.6,2.14807579,
2007-02-04,14215.651,16611.69,4.5,2.28715091,
2007-02-11,14215.651,16611.69,4.5,2.28715091,
2007-02-18,14215.651,16611.69,4.5,2.28715091,
2007-02-25,14215.651,16611.69,4.5,2.28715091,
2007-03-04,14215.651,16611.69,4.4,2.0249864,
2007-03-11,14215.651,16611.69,4.4,2.0249864,
2007-03-18,14215.651,16611.69,4.4,2.0249864,
2007-03-25,14215.651,16611.69,4.4,2.0249864,
2007-04-01,14402.082,16713.314,4.5,2.07748685,
2007-04-08,14402.082,16713.314,4.5,2.07748685,
2007-04-15,14402.082,16713.314,4.5,2.07748685,
2007-04-22,14402.082,16713.314,4.5,2.07748685,
2007-04-29,14402.082,16713.314,4.5,2.07748685,
2007-05-06,14402.082,16713.314,4.4,2.0318442,
2007-05-13,14402.082,16713.314,4.4,2.0318442,
2007-05-20,14402.082,16713.314,4.4,2.0318442,
2007-05-27,14402.082,16713.314,4.4,2.0318442,
2007-06-03,14402.082,16713.314,4.6,2.24630973,
2007-06-10,14402.082,16713.314,4.6,2.24630973,
2007-06-17,14402.082,16713.314,4.6,2.24630973,
2007-06-24,14402.082,16713.314,4.6,2.24630973,
2007-07-01,14564.117,16809.587,4.7,2.37357342,
2007-07-08,14564.117,16809.587,4.7,2.37357342,
2007-07-15,14564.117,16809.587,4.7,2.37357342,
2007-07-22,14564.117,16809.587,4.7,2.37357342,
2007-07-29,14564.117,16809.587,4.7,2.37357342,
2007-08-05,14564.117,16809.587,4.6,2.13388077,
2007-08-12,14564.117,16809.587,4.6,2.13388077,
2007-08-19,14564.117,16809.587,4.6,2.13388077,
2007-08-26,14564.117,16809.587,4.6,2.13388077,
2007-09-02,14564.117,16809.587,4.7,1.94622258,
2007-09-09,14564.117,16809.587,4.7,1.94622258,
2007-09-16,14564.117,16809.587,4.7,1.94622258,
2007-09-23,14564.117,16809.587,4.7,1.94622258,
2007-09-30,14564.117,16809.587,4.7,1.94622258,
2007-10-07,14715.058,16915.191,4.7,1.98911422,
2007-10-14,14715.058,16915.191,4.7,1.98911422,
2007-10-21,14715.058,16915.191,4.7,1.98911422,
2007-10-28,14715.058,16915.191,4.7,1.98911422,
2007-11-04,14715.058,16915.191,4.7,1.82624712,
2007-11-11,14715.058,16915.191,4.7,1.82624712,
2007-11-18,14715.058,16915.191,4.7,1.82624712,
2007-11-25,14715.058,16915.191,4.7,1.82624712,
2007-12-02,14715.058,16915.191,5.0,1.38696881,
2007-12-09,14715.058,16915.191,5.0,1.38696881,
2007-12-16,14715.058,16915.191,5.0,1.38696881,
2007-12-23,14715.058,16915.191,5.0,1.38696881,
2007-12-30,14715.058,16915.191,5.0,1.38696881,
2008-01-06,14706.538,16843.003,5.0,1.39949068,
2008-01-13,14706.538,16843.003,5.0,1.39949068,
2008-01-20,14706.538,16843.003,5.0,1.39949068,
2008-01-27,14706.538,16843.003,5.0,1.39949068,
2008-02-03,14706.538,16843.003,4.9,1.11112286,
2008-02-10,14706.538,16843.003,4.9,1.11112286,
2008-02-17,14706.538,16843.003,4.9,1.11112286,
2008-02-24,14706.538,16843.003,4.9,1.11112286,
2008-03-02,14706.538,16843.003,5.1,1.02522008,
2008-03-09,14706.538,16843.003,5.1,1.02522008,
2008-03-16,14706.538,16843.003,5.1,1.02522008,
2008-03-23,14706.538,16843.003,5.1,1.02522008,
2008-03-30,14706.538,16843.003,5.1,1.02522008,
2008-04-06,14865.701,16943.291,5.0,1.06289422,
2008-04-13,14865.701,16943.291,5.0,1.06289422,
2008-04-20,14865.701,16943.291,5.0,1.06289422,
2008-04-27,14865.701,16943.291,5.0,1.06289422,
2008-05-04,14865.701,16943.291,5.4,1.40051629,
2008-05-11,14865.701,16943.291,5.4,1.40051629,
2008-05-18,14865.701,16943.291,5.4,1.40051629,
2008-05-25,14865.701,16943.291,5.4,1.40051629,
2008-06-01,14865.701,16943.291,5.6,1.48755401,
2008-06-08,14865.701,16943.291,5.6,1.48755401,
2008-06-15,14865.701,16943.291,5.6,1.48755401,
2008-06-22,14865.701,16943.291,5.6,1.48755401,
2008-06-29,14865.701,16943.291,5.6,1.48755401,
2008-07-06,14898.999,16854.295,5.8,1.44558109,
2008-07-13,14898.999,16854.295,5.8,1.44558109,
2008-07-20,14898.999,16854.295,5.8,1.44558109,
2008-07-27,14898.999,16854.295,5.8,1.44558109,
2008-08-03,14898.999,16854.295,6.1,1.35649733,
2008-08-10,14898.999,16854.295,6.1,1.35649733,
2008-08-17,14898.999,16854.295,6.1,1.35649733,
2008-08-24,14898.999,16854.295,6.1,1.35649733,
2008-08-31,14898.999,16854.295,6.1,1.35649733,
2008-09-07,14898.999,16854.295,6.1,1.23957472,
2008-09-14,14898.999,16854.295,6.1,1.23957472,
2008-09-21,14898.999,16854.295,6.1,1.23957472,
2008-09-28,14898.999,16854.295,6.1,1.23957472,
2008-10-05,14608.209,16485.35,6.5,1.48506331,
2008-10-12,14608.209,16485.35,6.5,1.48506331,
2008-10-19,14608.209,16485.35,6.5,1.48506331,
2008-10-26,14608.209,16485.35,6.5,1.48506331,
2008-11-02,14608.209,16485.35,6.8,1.63162854,
2008-11-09,14608.209,16485.35,6.8,1.63162854,
2008-11-16,14608.209,16485.35,6.8,1.63162854,
2008-11-23,14608.209,16485.35,6.8,1.63162854,
2008-11-30,14608.209,16485.35,6.8,1.63162854,
2008-12-07,14608.209,16485.35,7.3,0.97537985,
2008-12-14,14608.209,16485.35,7.3,0.97537985,
2008-12-21,14608.209,16485.35,7.3,0.97537985,
2008-12-28,14608.209,16485.35,7.3,0.97537985,
2009-01-04,14430.902,16298.262,7.8,0.93854104,
2009-01-11,14430.902,16298.262,7.8,0.93854104,
2009-01-18,14430.902,16298.262,7.8,0.93854104,
2009-01-25,14430.902,16298.262,7.8,0.93854104,
2009-02-01,14430.902,16298.262,8.3,1.03930649,
2009-02-08,14430.902,16298.262,8.3,1.03930649,
2009-02-15,14430.902,16298.262,8.3,1.03930649,
2009-02-22,14430.902,16298.262,8.3,1.03930649,
2009-03-01,14430.902,16298.262,8.7,1.25074177,
2009-03-08,14430.902,16298.262,8.7,1.25074177,
2009-03-15,14430.902,16298.262,8.7,1.25074177,
2009-03-22,14430.902,16298.262,8.7,1.25074177,
2009-03-29,14430.902,16298.262,8.7,1.25074177,
2009-04-05,14381.236,16269.145,9.0,0.71281967,
2009-04-12,14381.236,16269.145,9.0,0.71281967,
2009-04-19,14381.236,16269.145,9.0,0.71281967,
2009-04-26,14381.236,16269.145,9.0,0.71281967,
2009-05-03,14381.236,16269.145,9.4,1.0174109,
2009-05-10,14381.236,16269.145,9.4,1.0174109,
2009-05-17,14381.236,16269.145,9.4,1.0174109,
2009-05-24,14381.236,16269.145,9.4,1.0174109,
2009-05-31,14381.236,16269.145,9.4,1.0174109,
2009-06-07,14381.236,16269.145,9.5,1.32210554,
2009-06-14,14381.236,16269.145,9.5,1.32210554,
2009-06-21,14381.236,16269.145,9.5,1.32210554,
2009-06-28,14381.236,16269.145,9.5,1.32210554,
2009-07-05,14448.882,16326.281,9.5,1.26690282,
2009-07-12,14448.882,16326.281,9.5,1.26690282,
2009-07-19,14448.882,16326.281,9.5,1.26690282,
2009-07-26,14448.882,16326.281,9.5,1.26690282,
2009-08-02,14448.882,16326.281,9.6,1.15904037,
2009-08-09,14448.882,16326.281,9.6,1.15904037,
2009-08-16,14448.882,16326.281,9.6,1.15904037,
2009-08-23,14448.882,16326.281,9.6,1.15904037,
2009-08-30,14448.882,16326.281,9.6,1.15904037,
2009-09-06,14448.882,16326.281,9.8,0.94923764,
2009-09-13,14448.882,16326.281,9.8,0.94923764,
2009-09-20,14448.882,16326.281,9.8,0.94923764,
2009-09-27,14448.882,16326.281,9.8,0.94923764,
2009-10-04,14651.249,16502.754,10.0,0.99714116,
2009-10-11,14651.249,16502.754,10.0,0.99714116,
2009-10-18,14651.249,16502.754,10.0,0.99714116,
2009-10-25,14651.249,16502.754,10.0,0.99714116,
2009-11-01,14651.249,16502.754,9.9,1.06141004,
2009-11-08,14651.249,16502.754,9.9,1.06141004,
2009-11-15,14651.249,16502.754,9.9,1.06141004,
2009-11-22,14651.249,16502.754,9.9,1.06141004,
2009-11-29,14651.249,16502.754,9.9,1.06141004,
2009-12-06,14651.249,16502.754,9.9,0.84804056,
2009-12-13,14651.249,16502.754,9.9,0.84804056,
2009-12-20,14651.249,16502.754,9.9,0.84804056,
2009-12-27,14651.249,16502.754,9.9,0.84804056,
2010-01-03,14764.61,16582.71,9.8,1.29792486,
2010-01-10,14764.61,16582.71,9.8,1.29792486,
2010-01-17,14764.61,16582.71,9.8,1.29792486,
2010-01-24,14764.61,16582.71,9.8,1.29792486,
2010-01-31,14764.61,16582.71,9.8,1.29792486,
2010-02-07,14764.61,16582.71,9.8,1.12451541,
2010-02-14,14764.61,16582.71,9.8,1.12451541,
2010-02-21,14764.61,16582.71,9.8,1.12451541,
2010-02-28,14764.61,16582.71,9.8,1.12451541,
2010-03-07,14764.61,16582.71,9.9,0.99873153,
2010-03-14,14764.61,16582.71,9.9,0.99873153,
2010-03-21,14764.61,16582.71,9.9,0.99873153,
2010-03-28,14764.61,16582.71,9.9,0.99873153,
2010-04-04,14980.193,16743.162,9.9,1.3091053,
2010-04-11,14980.193,16743.162,9.9,1.3091053,
2010-04-18,14980.193,16743.162,9.9,1.3091053,
2010-04-25,14980.193,16743.162,9.9,1.3091053,
2010-05-02,14980.193,16743.162,9.6,1.22638786,
2010-05-09,14980.193,16743.162,9.6,1.22638786,
2010-05-16,14980.193,16743.162,9.6,1.22638786,
2010-05-23,14980.193,16743.162,9.6,1.22638786,
2010-05-30,14980.193,16743.162,9.6,1.22638786,
2010-06-06,14980.193,16743.162,9.4,1.01936098,
2010-06-13,14980.193,16743.162,9.4,1.01936098,
2010-06-20,14980.193,16743.162,9.4,1.01936098,
2010-06-27,14980.193,16743.162,9.4,1.01936098,
2010-07-04,15141.607,16872.266,9.4,0.84675907,
2010-07-11,15141.607,16872.266,9.4,0.84675907,
2010-07-18,15141.607,16872.266,9.4,0.84675907,
2010-07-25,15141.607,16872.266,9.4,0.84675907,
2010-08-01,15141.607,16872.266,9.5,0.65616389,
2010-08-08,15141.607,16872.266,9.5,0.65616389,
2010-08-15,15141.607,16872.266,9.5,0.65616389,
2010-08-22,15141.607,16872.266,9.5,0.65616389,
2010-08-29,15141.607,16872.266,9.5,0.65616389,
2010-09-05,15141.607,16872.266,9.5,0.57706775,
2010-09-12,15141.607,16872.266,9.5,0.57706775,
2010-09-19,15141.607,16872.266,9.5,0.57706775,
2010-09-26,15141.607,16872.266,9.5,0.57706775,
2010-10-03,15309.474,16960.864,9.4,0.40880525,
2010-10-10,15309.474,16960.864,9.4,0.40880525,
2010-10-17,15309.474,16960.864,9.4,0.40880525,
2010-10-24,15309.474,16960.864,9.4,0.40880525,
2010-10-31,15309.474,16960.864,9.4,0.40880525,
2010-11-07,15309.474,16960.864,9.8,0.33888956,
2010-11-14,15309.474,16960.864,9.8,0.33888956,
2010-11-21,15309.474,16960.864,9.8,0.33888956,
2010-11-28,15309.474,16960.864,9.8,0.33888956,
2010-12-05,15309.474,16960.864,9.3,0.62620927,
2010-12-12,15309.474,16960.864,9.3,0.62620927,
2010-12-19,15309.474,16960.864,9.3,0.62620927,
2010-12-26,15309.474,16960.864,9.3,0.62620927,
2011-01-02,15351.448,16920.632,9.1,0.86397716,
2011-01-09,15351.448,16920.632,9.1,0.86397716,
2011-01-16,15351.448,16920.632,9.1,0.86397716,
2011-01-23,15351.448,16920.632,9.1,0.86397716,
2011-01-30,15351.448,16920.632,9.1,0.86397716,
2011-02-06,15351.448,16920.632,9.0,0.82968718,
2011-02-13,15351.448,16920.632,9.0,0.82968718,
2011-02-20,15351.448,16920.632,9.0,0.82968718,
2011-02-27,15351.448,16920.632,9.0,0.82968718,
2011-03-06,15351.448,16920.632,9.0,0.87385088,
2011-03-13,15351.448,16920.632,9.0,0.87385088,
2011-03-20,15351.448,16920.632,9.0,0.87385088,
2011-03-27,15351.448,16920.632,9.0,0.87385088,
2011-04-03,15557.539,17035.114,9.1,0.97750283,
2011-04-10,15557.539,17035.114,9.1,0.97750283,
2011-04-17,15557.539,17035.114,9.1,0.97750283,
2011-04-24,15557.539,17035.114,9.1,0.97750283,
2011-05-01,15557.539,17035.114,9.0,0.71147484,
2011-05-08,15557.539,17035.114,9.0,0.71147484,
2011-05-15,15557.539,17035.114,9.0,0.71147484,
2011-05-22,15557.539,17035.114,9.0,0.71147484,
2011-05-29,15557.539,17035.114,9.0,0.71147484,
2011-06-05,15557.539,17035.114,9.1,0.49226699,
2011-06-12,15557.539,17035.114,9.1,0.49226699,
2011-06-19,15557.539,17035.114,9.1,0.49226699,
2011-06-26,15557.539,17035.114,9.1,0.49226699,
2011-07-03,15647.68,17031.313,9.0,0.57395235,
2011-07-10,15647.68,17031.313,9.0,0.57395235,
2011-07-17,15647.68,17031.313,9.0,0.57395235,
2011-07-24,15647.68,17031.313,9.0,0.57395235,
2011-07-31,15647.68,17031.313,9.0,0.57395235,
2011-08-07,15647.68,17031.313,9.0,0.39497491,
2011-08-14,15647.68,17031.313,9.0,0.39497491,
2011-08-21,15647.68,17031.313,9.0,0.39497491,
2011-08-28,15647.68,17031.313,9.0,0.39497491,
2011-09-04,15647.68,17031.313,9.0,0.21493888,
2011-09-11,15647.68,17031.313,9.0,0.21493888,
2011-09-18,15647.68,17031.313,9.0,0.21493888,
2011-09-25,15647.68,17031.313,9.0,0.21493888,
2011-10-02,15842.259,17222.583,8.8,0.09856249,
2011-10-09,15842.259,17222.583,8.8,0.09856249,
2011-10-16,15842.259,17222.583,8.8,0.09856249,
2011-10-23,15842.259,17222.583,8.8,0.09856249,
2011-10-30,15842.259,17222.583,8.8,0.09856249,
2011-11-06,15842.259,17222.583,8.6,0.13706953,
2011-11-13,15842.259,17222.583,8.6,0.13706953,
2011-11-20,15842.259,17222.583,8.6,0.13706953,
2011-11-27,15842.259,17222.583,8.6,0.13706953,
2011-12-04,15842.259,17222.583,8.5,0.14446831,
2011-12-11,15842.259,17222.583,8.5,0.14446831,
2011-12-18,15842.259,17222.583,8.5,0.14446831,
2011-12-25,15842.259,17222.583,8.5,0.14446831,
2012-01-01,16068.805,17367.01,8.3,0.14610051,
2012-01-08,16068.805,17367.01,8.3,0.14610051,
2012-01-15,16068.805,17367.01,8.3,0.14610051,
2012-01-22,16068.805,17367.01,8.3,0.14610051,
2012-01-29,16068.805,17367.01,8.3,0.14610051,
2012-02-05,16068.805,17367.01,8.3,0.02185103,
2012-02-12,16068.805,17367.01,8.3,0.02185103,
2012-02-19,16068.805,17367.01,8.3,0.02185103,
2012-02-26,16068.805,17367.01,8.3,0.02185103,
2012-03-04,16068.805,17367.01,8.2,0.16923691,
2012-03-11,16068.805,17367.01,8.2,0.16923691,
2012-03-18,16068.805,17367.01,8.2,0.16923691,
2012-03-25,16068.805,17367.01,8.2,0.16923691,
2012-04-01,16207.115,17444.525,8.2,0.19464573,
2012-04-08,16207.115,17444.525,8.2,0.19464573,
2012-04-15,16207.115,17444.525,8.2,0.19464573,
2012-04-22,16207.115,17444.525,8.2,0.19464573,
2012-04-29,16207.115,17444.525,8.2,0.19464573,
2012-05-06,16207.115,17444.525,8.2,-0.08722198,
2012-05-13,16207.115,17444.525,8.2,-0.08722198,
2012-05-20,16207.115,17444.525,8.2,-0.08722198,
2012-05-27,16207.115,17444.525,8.2,-0.08722198,
2012-06-03,16207.115,17444.525,8.2,-0.04815105,
2012-06-10,16207.115,17444.525,8.2,-0.04815105,
2012-06-17,16207.115,17444.525,8.2,-0.04815105,
2012-06-24,16207.115,17444.525,8.2,-0.04815105,
2012-07-01,16319.541,17469.65,8.2,-0.05482603,
2012-07-08,16319.541,17469.65,8.2,-0.05482603,
2012-07-15,16319.541,17469.65,8.2,-0.05482603,
2012-07-22,16319.541,17469.65,8.2,-0.05482603,
2012-07-29,16319.541,17469.65,8.2,-0.05482603,
2012-08-05,16319.541,17469.65,8.1,-0.06008478,
2012-08-12,16319.541,17469.65,8.1,-0.06008478,
2012-08-19,16319.541,17469.65,8.1,-0.06008478,
2012-08-26,16319.541,17469.65,8.1,-0.06008478,
2012-09-02,16319.541,17469.65,7.8,-0.16925714,
2012-09-09,16319.541,17469.65,7.8,-0.16925714,
2012-09-16,16319.541,17469.65,7.8,-0.16925714,
2012-09-23,16319.541,17469.65,7.8,-0.16925714,
2012-09-30,16319.541,17469.65,7.8,-0.16925714,
2012-10-07,16420.419,17489.852,7.8,-0.09317224,
2012-10-14,16420.419,17489.852,7.8,-0.09317224,
2012-10-21,16420.419,17489.852,7.8,-0.09317224,
2012-10-28,16420.419,17489.852,7.8,-0.09317224,
2012-11-04,16420.419,17489.852,7.7,-0.00573705,
2012-11-11,16420.419,17489.852,7.7,-0.00573705,
2012-11-18,16420.419,17489.852,7.7,-0.00573705,
2012-11-25,16420.419,17489.852,7.7,-0.00573705,
2012-12-02,16420.419,17489.852,7.9,-0.17237745,
2012-12-09,16420.419,17489.852,7.9,-0.17237745,
2012-12-16,16420.419,17489.852,7.9,-0.17237745,
2012-12-23,16420.419,17489.852,7.9,-0.17237745,
2012-12-30,16420.419,17489.852,7.9,-0.17237745,
2013-01-06,16648.189,17662.4,8.0,0.08440142,
2013-01-13,16648.189,17662.4,8.0,0.08440142,
2013-01-20,16648.189,17662.4,8.0,0.08440142,
2013-01-27,16648.189,17662.4,8.0,0.08440142,
2013-02-03,16648.189,17662.4,7.7,0.17210018,
2013-02-10,16648.189,17662.4,7.7,0.17210018,
2013-02-17,16648.189,17662.4,7.7,0.17210018,
2013-02-24,16648.189,17662.4,7.7,0.17210018,
2013-03-03,16648.189,17662.4,7.5,0.05034072,
2013-03-10,16648.189,17662.4,7.5,0.05034072,
2013-03-17,16648.189,17662.4,7.5,0.05034072,
2013-03-24,16648.189,17662.4,7.5,0.05034072,
2013-03-31,16648.189,17662.4,7.5,0.05034072,
2013-04-07,16728.687,17709.671,7.6,-0.02421188,
2013-04-14,16728.687,17709.671,7.6,-0.02421188,
2013-04-21,16728.687,17709.671,7.6,-0.02421188,
2013-04-28,16728.687,17709.671,7.6,-0.02421188,
2013-05-05,16728.687,17709.671,7.5,-0.01939123,
2013-05-12,16728.687,17709.671,7.5,-0.01939123,
2013-05-19,16728.687,17709.671,7.5,-0.01939123,
2013-05-26,16728.687,17709.671,7.5,-0.01939123,
2013-06-02,16728.687,17709.671,7.5,0.22769375,
2013-06-09,16728.687,17709.671,7.5,0.22769375,
2013-06-16,16728.687,17709.671,7.5,0.22769375,
2013-06-23,16728.687,17709.671,7.5,0.22769375,
2013-06-30,16728.687,17709.671,7.5,0.22769375,
2013-07-07,16953.838,17860.45,7.3,0.54638104,
2013-07-14,16953.838,17860.45,7.3,0.54638104,
2013-07-21,16953.838,17860.45,7.3,0.54638104,
2013-07-28,16953.838,17860.45,7.3,0.54638104,
2013-08-04,16953.838,17860.45,7.2,0.47506869,
2013-08-11,16953.838,17860.45,7.2,0.47506869,
2013-08-18,16953.838,17860.45,7.2,0.47506869,
2013-08-25,16953.838,17860.45,7.2,0.47506869,
2013-09-01,16953.838,17860.45,7.2,0.54083451,
2013-09-08,16953.838,17860.45,7.2,0.54083451,
2013-09-15,16953.838,17860.45,7.2,0.54083451,
2013-09-22,16953.838,17860.45,7.2,0.54083451,
2013-09-29,16953.838,17860.45,7.2,0.54083451,
2013-10-06,17192.019,18016.147,7.2,0.49296942,
2013-10-13,17192.019,18016.147,7.2,0.49296942,
2013-10-20,17192.019,18016.147,7.2,0.49296942,
2013-10-27,17192.019,18016.147,7.2,0.49296942,
2013-11-03,17192.019,18016.147,6.9,0.48963774,
2013-11-10,17192.019,18016.147,6.9,0.48963774,
2013-11-17,17192.019,18016.147,6.9,0.48963774,
2013-11-24,17192.019,18016.147,6.9,0.48963774,
2013-12-01,17192.019,18016.147,6.7,0.41829993,
2013-12-08,17192.019,18016.147,6.7,0.41829993,
2013-12-15,17192.019,18016.147,6.7,0.41829993,
2013-12-22,17192.019,18016.147,6.7,0.41829993,
2013-12-29,17192.019,18016.147,6.7,0.41829993,
2014-01-05,17197.738,17953.974,6.6,0.68063671,
2014-01-12,17197.738,17953.974,6.6,0.68063671,
2014-01-19,17197.738,17953.974,6.6,0.68063671,
2014-01-26,17197.738,17953.974,6.6,0.68063671,
2014-02-02,17197.738,17953.974,6.7,0.50867731,
2014-02-09,17197.738,17953.974,6.7,0.50867731,
2014-02-16,17197.738,17953.974,6.7,0.50867731,
2014-02-23,17197.738,17953.974,6.7,0.50867731,
2014-03-02,17197.738,17953.974,6.7,0.58045318,
2014-03-09,17197.738,17953.974,6.7,0.58045318,
2014-03-16,17197.738,17953.974,6.7,0.58045318,
2014-03-23,17197.738,17953.974,6.7,0.58045318,
2014-03-30,17197.738,17953.974,6.7,0.58045318,
2014-04-06,17518.508,18185.911,6.2,0.7022221,
2014-04-13,17518.508,18185.911,6.2,0.7022221,
2014-04-20,17518.508,18185.911,6.2,0.7022221,
2014-04-27,17518.508,18185.911,6.2,0.7022221,
2014-05-04,17518.508,18185.911,6.3,0.62685415,
2014-05-11,17518.508,18185.911,6.3,0.62685415,
2014-05-18,17518.508,18185.911,6.3,0.62685415,
2014-05-25,17518.508,18185.911,6.3,0.62685415,
2014-06-01,17518.508,18185.911,6.1,0.62452944,
2014-06-08,17518.508,18185.911,6.1,0.62452944,
2014-06-15,17518.508,18185.911,6.1,0.62452944,
2014-06-22,17518.508,18185.911,6.1,0.62452944,
2014-06-29,17518.508,18185.911,6.1,0.62452944,
2014-07-06,17804.228,18406.941,6.2,0.59099495,
2014-07-13,17804.228,18406.941,6.2,0.59099495,
2014-07-20,17804.228,18406.941,6.2,0.59099495,
2014-07-27,17804.228,18406.941,6.2,0.59099495,
2014-08-03,17804.228,18406.941,6.1,0.6494057,
2014-08-10,17804.228,18406.941,6.1,0.6494057,
2014-08-17,17804.228,18406.941,6.1,0.6494057,
2014-08-24,17804.228,18406.941,6.1,0.6494057,
2014-08-31,17804.228,18406.941,6.1,0.6494057,
2014-09-07,17804.228,18406.941,5.9,0.58085993,
2014-09-14,17804.228,18406.941,5.9,0.58085993,
2014-09-21,17804.228,18406.941,5.9,0.58085993,
2014-09-28,17804.228,18406.941,5.9,0.58085993,
2014-10-05,17912.079,18500.031,5.7,0.7009647,
2014-10-12,17912.079,18500.031,5.7,0.7009647,
2014-10-19,17912.079,18500.031,5.7,0.7009647,
2014-10-26,17912.079,18500.031,5.7,0.7009647,
2014-11-02,17912.079,18500.031,5.8,0.71330026,
2014-11-09,17912.079,18500.031,5.8,0.71330026,
2014-11-16,17912.079,18500.031,5.8,0.71330026,
2014-11-23,17912.079,18500.031,5.8,0.71330026,
2014-11-30,17912.079,18500.031,5.8,0.71330026,
2014-12-07,17912.079,18500.031,5.6,0.38472537,
2014-12-14,17912.079,18500.031,5.6,0.38472537,
2014-12-21,17912.079,18500.031,5.6,0.38472537,
2014-12-28,17912.079,18500.031,5.6,0.38472537,
2015-01-04,18063.529,18666.621,5.7,0.7099428,
2015-01-11,18063.529,18666.621,5.7,0.7099428,
2015-01-18,18063.529,18666.621,5.7,0.7099428,
2015-01-25,18063.529,18666.621,5.7,0.7099428,
2015-02-01,18063.529,18666.621,5.5,0.53838038,
2015-02-08,18063.529,18666.621,5.5,0.53838038,
2015-02-15,18063.529,18666.621,5.5,0.53838038,
2015-02-22,18063.529,18666.621,5.5,0.53838038,
2015-03-01,18063.529,18666.621,5.4,0.75170542,
2015-03-08,18063.529,18666.621,5.4,0.75170542,
2015-03-15,18063.529,18666.621,5.4,0.75170542,
2015-03-22,18063.529,18666.621,5.4,0.75170542,
2015-03-29,18063.529,18666.621,5.4,0.75170542,
2015-04-05,18279.784,18782.243,5.4,0.41032252,
2015-04-12,18279.784,18782.243,5.4,0.41032252,
2015-04-19,18279.784,18782.243,5.4,0.41032252,
2015-04-26,18279.784,18782.243,5.4,0.41032252,
2015-05-03,18279.784,18782.243,5.6,0.53392144,
2015-05-10,18279.784,18782.243,5.6,0.53392144,
2015-05-17,18279.784,18782.243,5.6,0.53392144,
2015-05-24,18279.784,18782.243,5.6,0.53392144,
2015-05-31,18279.784,18782.243,5.6,0.53392144,
2015-06-07,18279.784,18782.243,5.3,0.5537778,
2015-06-14,18279.784,18782.243,5.3,0.5537778,
2015-06-21,18279.784,18782.243,5.3,0.5537778,
2015-06-28,18279.784,18782.243,5.3,0.5537778,
2015-07-05,18401.626,18857.418,5.2,0.6670749,
2015-07-12,18401.626,18857.418,5.2,0.6670749,
2015-07-19,18401.626,18857.418,5.2,0.6670749,
2015-07-26,18401.626,18857.418,5.2,0.6670749,
2015-08-02,18401.626,18857.418,5.1,0.54830556,
2015-08-09,18401.626,18857.418,5.1,0.54830556,
2015-08-16,18401.626,18857.418,5.1,0.54830556,
2015-08-23,18401.626,18857.418,5.1,0.54830556,
2015-08-30,18401.626,18857.418,5.1,0.54830556,
2015-09-06,18401.626,18857.418,5.0,0.51245991,
2015-09-13,18401.626,18857.418,5.0,0.51245991,
2015-09-20,18401.626,18857.418,5.0,0.51245991,
2015-09-27,18401.626,18857.418,5.0,0.51245991,
2015-10-04,18435.137,18892.206,5.0,0.52877171,
2015-10-11,18435.137,18892.206,5.0,0.52877171,
2015-10-18,18435.137,18892.206,5.0,0.52877171,
2015-10-25,18435.137,18892.206,5.0,0.52877171,
2015-11-01,18435.137,18892.206,5.1,0.6662057,
2015-11-08,18435.137,18892.206,5.1,0.6662057,
2015-11-15,18435.137,18892.206,5.1,0.6662057,
2015-11-22,18435.137,18892.206,5.1,0.6662057,
2015-11-29,18435.137,18892.206,5.1,0.6662057,
2015-12-06,18435.137,18892.206,5.0,0.64742223,
2015-12-13,18435.137,18892.206,5.0,0.64742223,
2015-12-20,18435.137,18892.206,5.0,0.64742223,
2015-12-27,18435.137,18892.206,5.0,0.64742223,
2016-01-03,18525.933,19001.69,4.8,0.73450597,
2016-01-10,18525.933,19001.69,4.8,0.73450597,
2016-01-17,18525.933,19001.69,4.8,0.73450597,
2016-01-24,18525.933,19001.69,4.8,0.73450597,
2016-01-31,18525.933,19001.69,4.8,0.73450597,
2016-02-07,18525.933,19001.69,4.9,0.538738,
2016-02-14,18525.933,19001.69,4.9,0.538738,
2016-02-21,18525.933,19001.69,4.9,0.538738,
2016-02-28,18525.933,19001.69,4.9,0.538738,
2016-03-06,18525.933,19001.69,5.0,0.55140742,
2016-03-13,18525.933,19001.69,5.0,0.55140742,
2016-03-20,18525.933,19001.69,5.0,0.55140742,
2016-03-27,18525.933,19001.69,5.0,0.55140742,
2016-04-03,18711.702,19062.709,5.1,0.34527268,
2016-04-10,18711.702,19062.709,5.1,0.34527268,
2016-04-17,18711.702,19062.709,5.1,0.34527268,
2016-04-24,18711.702,19062.709,5.1,0.34527268,
2016-05-01,18711.702,19062.709,4.8,0.41364983,
2016-05-08,18711.702,19062.709,4.8,0.41364983,
2016-05-15,18711.702,19062.709,4.8,0.41364983,
2016-05-22,18711.702,19062.709,4.8,0.41364983,
2016-05-29,18711.702,19062.709,4.8,0.41364983,
2016-06-05,18711.702,19062.709,4.9,0.51909852,
2016-06-12,18711.702,19062.709,4.9,0.51909852,
2016-06-19,18711.702,19062.709,4.9,0.51909852,
2016-06-26,18711.702,19062.709,4.9,0.51909852,
2016-07-03,18892.639,19197.938,4.8,0.16534694,
2016-07-10,18892.639,19197.938,4.8,0.16534694,
2016-07-17,18892.639,19197.938,4.8,0.16534694,
2016-07-24,18892.639,19197.938,4.8,0.16534694,
2016-07-31,18892.639,19197.938,4.8,0.16534694,
2016-08-07,18892.639,19197.938,4.9,0.22683746,
2016-08-14,18892.639,19197.938,4.9,0.22683746,
2016-08-21,18892.639,19197.938,4.9,0.22683746,
2016-08-28,18892.639,19197.938,4.9,0.22683746,
2016-09-04,18892.639,19197.938,5.0,0.2160743,
2016-09-11,18892.639,19197.938,5.0,0.2160743,
2016-09-18,18892.639,19197.938,5.0,0.2160743,
2016-09-25,18892.639,19197.938,5.0,0.2160743,
2016-10-02,19089.379,19304.352,4.9,0.28979681,
2016-10-09,19089.379,19304.352,4.9,0.28979681,
2016-10-16,19089.379,19304.352,4.9,0.28979681,
2016-10-23,19089.379,19304.352,4.9,0.28979681,
2016-10-30,19089.379,19304.352,4.9,0.28979681,
2016-11-06,19089.379,19304.352,4.7,0.34660933,
2016-11-13,19089.379,19304.352,4.7,0.34660933,
2016-11-20,19089.379,19304.352,4.7,0.34660933,
2016-11-27,19089.379,19304.352,4.7,0.34660933,
2016-12-04,19089.379,19304.352,4.7,0.70045658,
2016-12-11,19089.379,19304.352,4.7,0.70045658,
2016-12-18,19089.379,19304.352,4.7,0.70045658,
2016-12-25,19089.379,19304.352,4.7,0.70045658,
2017-01-01,19280.084,19398.343,4.7,0.72565107,
2017-01-08,19280.084,19398.343,4.7,0.72565107,
2017-01-15,19280.084,19398.343,4.7,0.72565107,
2017-01-22,19280.084,19398.343,4.7,0.72565107,
2017-01-29,19280.084,19398.343,4.7,0.72565107,
2017-02-05,19280.084,19398.343,4.6,0.77438158,
2017-02-12,19280.084,19398.343,4.6,0.77438158,
2017-02-19,19280.084,19398.343,4.6,0.77438158,
2017-02-26,19280.084,19398.343,4.6,0.77438158,
2017-03-05,19280.084,19398.343,4.4,0.91650302,
2017-03-12,19280.084,19398.343,4.4,0.91650302,
2017-03-19,19280.084,19398.343,4.4,0.91650302,
2017-03-26,19280.084,19398.343,4.4,0.91650302,
2017-04-02,19438.643,19506.949,4.4,0.76575378,
2017-04-09,19438.643,19506.949,4.4,0.76575378,
2017-04-16,19438.643,19506.949,4.4,0.76575378,
2017-04-23,19438.643,19506.949,4.4,0.76575378,
2017-04-30,19438.643,19506.949,4.4,0.76575378,
2017-05-07,19438.643,19506.949,4.4,0.7764088,
2017-05-14,19438.643,19506.949,4.4,0.7764088,
2017-05-21,19438.643,19506.949,4.4,0.7764088,
2017-05-28,19438.643,19506.949,4.4,0.7764088,
2017-06-04,19438.643,19506.949,4.3,0.73611135,
2017-06-11,19438.643,19506.949,4.3,0.73611135,
2017-06-18,19438.643,19506.949,4.3,0.73611135,
2017-06-25,19438.643,19506.949,4.3,0.73611135,
2017-07-02,19692.595,19660.766,4.3,0.72501612,
2017-07-09,19692.595,19660.766,4.3,0.72501612,
2017-07-16,19692.595,19660.766,4.3,0.72501612,
2017-07-23,19692.595,19660.766,4.3,0.72501612,
2017-07-30,19692.595,19660.766,4.3,0.72501612,
2017-08-06,19692.595,19660.766,4.4,0.67086016,
2017-08-13,19692.595,19660.766,4.4,0.67086016,
2017-08-20,19692.595,19660.766,4.4,0.67086016,
2017-08-27,19692.595,19660.766,4.4,0.67086016,
2017-09-03,19692.595,19660.766,4.3,0.56521264,
2017-09-10,19692.595,19660.766,4.3,0.56521264,
2017-09-17,19692.595,19660.766,4.3,0.56521264,
2017-09-24,19692.595,19660.766,4.3,0.56521264,
2017-10-01,20037.088,19882.352,4.2,0.72914351,
2017-10-08,20037.088,19882.352,4.2,0.72914351,
2017-10-15,20037.088,19882.352,4.2,0.72914351,
2017-10-22,20037.088,19882.352,4.2,0.72914351,
2017-10-29,20037.088,19882.352,4.2,0.72914351,
2017-11-05,20037.088,19882.352,4.2,0.75219045,
2017-11-12,20037.088,19882.352,4.2,0.75219045,
2017-11-19,20037.088,19882.352,4.2,0.75219045,
2017-11-26,20037.088,19882.352,4.2,0.75219045,
2017-12-03,20037.088,19882.352,4.1,0.57304923,
2017-12-10,20037.088,19882.352,4.1,0.57304923,
2017-12-17,20037.088,19882.352,4.1,0.57304923,
2017-12-24,20037.088,19882.352,4.1,0.57304923,
2017-12-31,20037.088,19882.352,4.1,0.57304923,
2018-01-07,20328.553,20044.077,4.0,0.87378801,
2018-01-14,20328.553,20044.077,4.0,0.87378801,
2018-01-21,20328.553,20044.077,4.0,0.87378801,
2018-01-28,20328.553,20044.077,4.0,0.87378801,
2018-02-04,20328.553,20044.077,4.1,1.08846929,
2018-02-11,20328.553,20044.077,4.1,1.08846929,
2018-02-18,20328.553,20044.077,4.1,1.08846929,
2018-02-25,20328.553,20044.077,4.1,1.08846929,
2018-03-04,20328.553,20044.077,4.0,1.02953583,
2018-03-11,20328.553,20044.077,4.0,1.02953583,
2018-03-18,20328.553,20044.077,4.0,1.02953583,
2018-03-25,20328.553,20044.077,4.0,1.02953583,
2018-04-01,20580.912,20150.476,4.0,1.01435433,
2018-04-08,20580.912,20150.476,4.0,1.01435433,
2018-04-15,20580.912,20150.476,4.0,1.01435433,
2018-04-22,20580.912,20150.476,4.0,1.01435433,
2018-04-29,20580.912,20150.476,4.0,1.01435433,
2018-05-06,20580.912,20150.476,3.8,1.2160918,
2018-05-13,20580.912,20150.476,3.8,1.2160918,
2018-05-20,20580.912,20150.476,3.8,1.2160918,
2018-05-27,20580.912,20150.476,3.8,1.2160918,
2018-06-03,20580.912,20150.476,4.0,1.24572814,
2018-06-10,20580.912,20150.476,4.0,1.24572814,
2018-06-17,20580.912,20150.476,4.0,1.24572814,
2018-06-24,20580.912,20150.476,4.0,1.24572814,
2018-07-01,20798.73,20276.154,3.8,1.15523371,
2018-07-08,20798.73,20276.154,3.8,1.15523371,
2018-07-15,20798.73,20276.154,3.8,1.15523371,
2018-07-22,20798.73,20276.154,3.8,1.15523371,
2018-07-29,20798.73,20276.154,3.8,1.15523371,
2018-08-05,20798.73,20276.154,3.8,1.25524162,
2018-08-12,20798.73,20276.154,3.8,1.25524162,
2018-08-19,20798.73,20276.154,3.8,1.25524162,
2018-08-26,20798.73,20276.154,3.8,1.25524162,
2018-09-02,20798.73,20276.154,3.7,1.1321469,
2018-09-09,20798.73,20276.154,3.7,1.1321469,
2018-09-16,20798.73,20276.154,3.7,1.1321469,
2018-09-23,20798.73,20276.154,3.7,1.1321469,
2018-09-30,20798.73,20276.154,3.7,1.1321469,
2018-10-07,20917.867,20304.874,3.8,1.30012681,
2018-10-14,20917.867,20304.874,3.8,1.30012681,
2018-10-21,20917.867,20304.874,3.8,1.30012681,
2018-10-28,20917.867,20304.874,3.8,1.30012681,
2018-11-04,20917.867,20304.874,3.8,1.30865835,
2018-11-11,20917.867,20304.874,3.8,1.30865835,
2018-11-18,20917.867,20304.874,3.8,1.30865835,2.2
2018-11-25,20917.867,20304.874,3.8,1.30865835,2.2
2018-12-02,20917.867,20304.874,3.9,1.25496666,2.2
2018-12-09,20917.867,20304.874,3.9,1.25496666,2.19
2018-12-16,20917.867,20304.874,3.9,1.25496666,2.19
2018-12-23,20917.867,20304.874,3.9,1.25496666,2.4
2018-12-30,20917.867,20304.874,3.9,1.25496666,2.4
2019-01-06,21104.133,20415.15,4.0,1.04043434,2.4
2019-01-13,21104.133,20415.15,4.0,1.04043434,2.4
2019-01-20,21104.133,20415.15,4.0,1.04043434,2.4
2019-01-27,21104.133,20415.15,4.0,1.04043434,2.4
2019-02-03,21104.133,20415.15,3.8,1.06818285,2.4
2019-02-10,21104.133,20415.15,3.8,1.06818285,2.4
2019-02-17,21104.133,20415.15,3.8,1.06818285,2.4
2019-02-24,21104.133,20415.15,3.8,1.06818285,2.4
2019-03-03,21104.133,20415.15,3.8,0.51720765,2.4
2019-03-10,21104.133,20415.15,3.8,0.51720765,2.4
2019-03-17,21104.133,20415.15,3.8,0.51720765,2.4
2019-03-24,21104.133,20415.15,3.8,0.51720765,2.41
2019-03-31,21104.133,20415.15,3.8,0.51720765,2.43
2019-04-07,21384.775,20584.528,3.6,0.42030375,2.41
2019-04-14,21384.775,20584.528,3.6,0.42030375,2.41
2019-04-21,21384.775,20584.528,3.6,0.42030375,2.44
2019-04-28,21384.775,20584.528,3.6,0.42030375,2.44
2019-05-05,21384.775,20584.528,3.7,0.5404288,2.4
2019-05-12,21384.775,20584.528,3.7,0.5404288,2.38
2019-05-19,21384.775,20584.528,3.7,0.5404288,2.39
2019-05-26,21384.775,20584.528,3.7,0.5404288,2.38
2019-06-02,21384.775,20584.528,3.6,0.42130162,2.4
2019-06-09,21384.775,20584.528,3.6,0.42130162,2.37
2019-06-16,21384.775,20584.528,3.6,0.42130162,2.36
2019-06-23,21384.775,20584.528,3.6,0.42130162,2.38
2019-06-30,21384.775,20584.528,3.6,0.42130162,2.4
2019-07-07,21694.282,20817.581,3.7,0.44057188,2.42
2019-07-14,21694.282,20817.581,3.7,0.44057188,2.38
2019-07-21,21694.282,20817.581,3.7,0.44057188,2.41
2019-07-28,21694.282,20817.581,3.7,0.44057188,2.4
2019-08-04,21694.282,20817.581,3.7,0.42005179,2.14
2019-08-11,21694.282,20817.581,3.7,0.42005179,2.12
2019-08-18,21694.282,20817.581,3.7,0.42005179,2.13
2019-08-25,21694.282,20817.581,3.7,0.42005179,2.12
2019-09-01,21694.282,20817.581,3.5,0.23500552,2.13
2019-09-08,21694.282,20817.581,3.5,0.23500552,2.12
2019-09-15,21694.282,20817.581,3.5,0.23500552,2.14
2019-09-22,21694.282,20817.581,3.5,0.23500552,1.9
2019-09-29,21694.282,20817.581,3.5,0.23500552,1.83
2019-10-06,21902.39,20951.088,3.6,0.36832453,1.82
2019-10-13,21902.39,20951.088,3.6,0.36832453,1.82
2019-10-20,21902.39,20951.088,3.6,0.36832453,1.85
2019-10-27,21902.39,20951.088,3.6,0.36832453,1.83
2019-11-03,21902.39,20951.088,3.6,0.43361185,1.57
2019-11-10,21902.39,20951.088,3.6,0.43361185,1.55
2019-11-17,21902.39,20951.088,3.6,0.43361185,1.55
2019-11-24,21902.39,20951.088,3.6,0.43361185,1.55
2019-12-01,21902.39,20951.088,3.6,0.51426493,1.56
2019-12-08,21902.39,20951.088,3.6,0.51426493,1.55
2019-12-15,21902.39,20951.088,3.6,0.51426493,1.55
2019-12-22,21902.39,20951.088,3.6,0.51426493,1.55
2019-12-29,21902.39,20951.088,3.6,0.51426493,1.55
2020-01-05,21706.513,20665.553,3.5,0.50509631,1.55
2020-01-12,21706.513,20665.553,3.5,0.50509631,1.54
2020-01-19,21706.513,20665.553,3.5,0.50509631,1.55
2020-01-26,21706.513,20665.553,3.5,0.50509631,1.55
2020-02-02,21706.513,20665.553,3.5,0.31598579,1.59
2020-02-09,21706.513,20665.553,3.5,0.31598579,1.58
2020-02-16,21706.513,20665.553,3.5,0.31598579,1.58
2020-02-23,21706.513,20665.553,3.5,0.31598579,1.58
2020-03-01,21706.513,20665.553,4.4,-0.12783745,1.58
2020-03-08,21706.513,20665.553,4.4,-0.12783745,1.09
2020-03-15,21706.513,20665.553,4.4,-0.12783745,1.1
2020-03-22,21706.513,20665.553,4.4,-0.12783745,0.15
2020-03-29,21706.513,20665.553,4.4,-0.12783745,0.1
2020-04-05,19913.143,19034.83,14.7,-0.11159442,0.05
2020-04-12,19913.143,19034.83,14.7,-0.11159442,0.05
2020-04-19,19913.143,19034.83,14.7,-0.11159442,0.05
2020-04-26,19913.143,19034.83,14.7,-0.11159442,0.05
2020-05-03,19913.143,19034.83,13.2,-0.02785652,0.05
2020-05-10,19913.143,19034.83,13.2,-0.02785652,0.05
2020-05-17,19913.143,19034.83,13.2,-0.02785652,0.05
2020-05-24,19913.143,19034.83,13.2,-0.02785652,0.05
2020-05-31,19913.143,19034.83,13.2,-0.02785652,0.05
2020-06-07,19913.143,19034.83,11.0,-0.15369936,0.07
2020-06-14,19913.143,19034.83,11.0,-0.15369936,0.08
2020-06-21,19913.143,19034.83,11.0,-0.15369936,0.09
2020-06-28,19913.143,19034.83,11.0,-0.15369936,0.08
2020-07-05,21647.64,20511.785,10.2,-0.3453445,0.09
2020-07-12,21647.64,20511.785,10.2,-0.3453445,0.09
2020-07-19,21647.64,20511.785,10.2,-0.3453445,0.09
2020-07-26,21647.64,20511.785,10.2,-0.3453445,0.09
2020-08-02,21647.64,20511.785,8.4,-0.407134,0.1
2020-08-09,21647.64,20511.785,8.4,-0.407134,0.1
2020-08-16,21647.64,20511.785,8.4,-0.407134,0.1
2020-08-23,21647.64,20511.785,8.4,-0.407134,0.09
2020-08-30,21647.64,20511.785,8.4,-0.407134,0.09
2020-09-06,21647.64,20511.785,7.9,-0.34333693,0.09
2020-09-13,21647.64,20511.785,7.9,-0.34333693,0.09
2020-09-20,21647.64,20511.785,7.9,-0.34333693,0.09
2020-09-27,21647.64,20511.785,7.9,-0.34333693,0.09
2020-10-04,22024.502,20724.128,6.9,-0.29173845,0.09
2020-10-11,22024.502,20724.128,6.9,-0.29173845,0.09
2020-10-18,22024.502,20724.128,6.9,-0.29173845,0.09
2020-10-25,22024.502,20724.128,6.9,-0.29173845,0.09
2020-11-01,22024.502,20724.128,6.7,-0.21395564,0.09
2020-11-08,22024.502,20724.128,6.7,-0.21395564,0.09
2020-11-15,22024.502,20724.128,6.7,-0.21395564,0.09
2020-11-22,22024.502,20724.128,6.7,-0.21395564,0.08
2020-11-29,22024.502,20724.128,6.7,-0.21395564,0.08
2020-12-06,22024.502,20724.128,6.7,-0.23232146,0.09
2020-12-13,22024.502,20724.128,6.7,-0.23232146,0.09
2020-12-20,22024.502,20724.128,6.7,-0.23232146,0.09
2020-12-27,22024.502,20724.128,6.7,-0.23232146,0.09
2021-01-03,22600.185,20990.541,6.3,-0.23501721,0.09
2021-01-10,22600.185,20990.541,6.3,-0.23501721,0.09
2021-01-17,22600.185,20990.541,6.3,-0.23501721,0.09
2021-01-24,22600.185,20990.541,6.3,-0.23501721,0.08
2021-01-31,22600.185,20990.541,6.3,-0.23501721,0.07
2021-02-07,22600.185,20990.541,6.2,-0.2308238,0.08
2021-02-14,22600.185,20990.541,6.2,-0.2308238,0.08
2021-02-21,22600.185,20990.541,6.2,-0.2308238,0.07
2021-02-28,22600.185,20990.541,6.2,-0.2308238,0.07
2021-03-07,22600.185,20990.541,6.1,0.01250687,0.07
2021-03-14,22600.185,20990.541,6.1,0.01250687,0.07
2021-03-21,22600.185,20990.541,6.1,0.01250687,0.07
2021-03-28,22600.185,20990.541,6.1,0.01250687,0.07
2021-04-04,23292.362,21309.544,6.1,0.11804694,0.07
2021-04-11,23292.362,21309.544,6.1,0.11804694,0.07
2021-04-18,23292.362,21309.544,6.1,0.11804694,0.07
2021-04-25,23292.362,21309.544,6.1,0.11804694,0.07
2021-05-02,23292.362,21309.544,5.8,0.03694758,0.05
2021-05-09,23292.362,21309.544,5.8,0.03694758,0.06
2021-05-16,23292.362,21309.544,5.8,0.03694758,0.06
2021-05-23,23292.362,21309.544,5.8,0.03694758,0.06
2021-05-30,23292.362,21309.544,5.8,0.03694758,0.05
2021-06-06,23292.362,21309.544,5.9,-0.00566485,0.06
2021-06-13,23292.362,21309.544,5.9,-0.00566485,0.06
2021-06-20,23292.362,21309.544,5.9,-0.00566485,0.1
2021-06-27,23292.362,21309.544,5.9,-0.00566485,0.1
2021-07-04,23828.973,21483.083,5.4,0.03504108,0.1
2021-07-11,23828.973,21483.083,5.4,0.03504108,0.1
2021-07-18,23828.973,21483.083,5.4,0.03504108,0.1
2021-07-25,23828.973,21483.083,5.4,0.03504108,0.1
2021-08-01,23828.973,21483.083,5.2,-0.26101879,0.07
2021-08-08,23828.973,21483.083,5.2,-0.26101879,0.1
2021-08-15,23828.973,21483.083,5.2,-0.26101879,0.1
2021-08-22,23828.973,21483.083,5.2,-0.26101879,0.09
2021-08-29,23828.973,21483.083,5.2,-0.26101879,0.08
2021-09-05,23828.973,21483.083,4.8,-0.19473087,0.08
2021-09-12,23828.973,21483.083,4.8,-0.19473087,0.08
2021-09-19,23828.973,21483.083,4.8,-0.19473087,0.08
2021-09-26,23828.973,21483.083,4.8,-0.19473087,0.08
2021-10-03,24654.603,21847.602,4.5,0.08790114,0.08
2021-10-10,24654.603,21847.602,4.5,0.08790114,0.08
2021-10-17,24654.603,21847.602,4.5,0.08790114,0.08
2021-10-24,24654.603,21847.602,4.5,0.08790114,0.08
2021-10-31,24654.603,21847.602,4.5,0.08790114,0.07
2021-11-07,24654.603,21847.602,4.2,0.16399788,0.08
2021-11-14,24654.603,21847.602,4.2,0.16399788,0.08
2021-11-21,24654.603,21847.602,4.2,0.16399788,0.08
2021-11-28,24654.603,21847.602,4.2,0.16399788,0.08
2021-12-05,24654.603,21847.602,3.9,0.09168917,0.08
2021-12-12,24654.603,21847.602,3.9,0.09168917,0.08
2021-12-19,24654.603,21847.602,3.9,0.09168917,0.08
2021-12-26,24654.603,21847.602,3.9,0.09168917,0.08
2022-01-02,25029.116,21738.871,4.0,0.3194951,0.07
2022-01-09,25029.116,21738.871,4.0,0.3194951,0.08
2022-01-16,25029.116,21738.871,4.0,0.3194951,0.08
2022-01-23,25029.116,21738.871,4.0,0.3194951,0.08
2022-01-30,25029.116,21738.871,4.0,0.3194951,0.08
2022-02-06,25029.116,21738.871,3.8,0.44159289,0.08
2022-02-13,25029.116,21738.871,3.8,0.44159289,0.08
2022-02-20,25029.116,21738.871,3.8,0.44159289,0.08
2022-02-27,25029.116,21738.871,3.8,0.44159289,0.08
2022-03-06,25029.116,21738.871,3.6,0.34708992,0.08
2022-03-13,25029.116,21738.871,3.6,0.34708992,0.08
2022-03-20,25029.116,21738.871,3.6,0.34708992,0.33
2022-03-27,25029.116,21738.871,3.6,0.34708992,0.33
2022-04-03,25544.273,21708.16,3.6,0.94940027,0.33
2022-04-10,25544.273,21708.16,3.6,0.94940027,0.33
2022-04-17,25544.273,21708.16,3.6,0.94940027,0.33
2022-04-24,25544.273,21708.16,3.6,0.94940027,0.33
2022-05-01,25544.273,21708.16,3.6,1.20389776,0.33
2022-05-08,25544.273,21708.16,3.6,1.20389776,0.83
2022-05-15,25544.273,21708.16,3.6,1.20389776,0.83
2022-05-22,25544.273,21708.16,3.6,1.20389776,0.83
2022-05-29,25544.273,21708.16,3.6,1.20389776,0.83
2022-06-05,25544.273,21708.16,3.6,1.02509351,0.83
2022-06-12,25544.273,21708.16,3.6,1.02509351,0.83
2022-06-19,25544.273,21708.16,3.6,1.02509351,1.58
2022-06-26,25544.273,21708.16,3.6,1.02509351,1.58
2022-07-03,25994.639,21851.134,3.5,1.06217493,1.58
2022-07-10,25994.639,21851.134,3.5,1.06217493,1.58
2022-07-17,25994.639,21851.134,3.5,1.06217493,1.58
2022-07-24,25994.639,21851.134,3.5,1.06217493,1.58
2022-07-31,25994.639,21851.134,3.5,1.06217493,2.32
2022-08-07,25994.639,21851.134,3.7,0.8556253,2.33
2022-08-14,25994.639,21851.134,3.7,0.8556253,2.33
2022-08-21,25994.639,21851.134,3.7,0.8556253,2.33
2022-08-28,25994.639,21851.134,3.7,0.8556253,2.33
2022-09-04,25994.639,21851.134,3.5,1.20424868,2.33
2022-09-11,25994.639,21851.134,3.5,1.20424868,2.33
2022-09-18,25994.639,21851.134,3.5,1.20424868,2.33
2022-09-25,25994.639,21851.134,3.5,1.20424868,3.08
2022-10-02,26408.405,21989.981,3.7,1.79733203,3.08
2022-10-09,26408.405,21989.981,3.7,1.79733203,3.08
2022-10-16,26408.405,21989.981,3.7,1.79733203,3.08
2022-10-23,26408.405,21989.981,3.7,1.79733203,3.08
2022-10-30,26408.405,21989.981,3.7,1.79733203,3.08
2022-11-06,26408.405,21989.981,3.6,1.93071305,3.83
2022-11-13,26408.405,21989.981,3.6,1.93071305,3.83
2022-11-20,26408.405,21989.981,3.6,1.93071305,3.83
2022-11-27,26408.405,21989.981,3.6,1.93071305,3.83
2022-12-04,26408.405,21989.981,3.5,1.57612515,3.83
2022-12-11,26408.405,21989.981,3.5,1.57612515,3.83
2022-12-18,26408.405,21989.981,3.5,1.57612515,4.33
2022-12-25,26408.405,21989.981,3.5,1.57612515,4.33
2023-01-01,26813.601,22112.329,3.4,1.78309897,4.33
2023-01-08,26813.601,22112.329,3.4,1.78309897,4.33
2023-01-15,26813.601,22112.329,3.4,1.78309897,4.33
2023-01-22,26813.601,22112.329,3.4,1.78309897,4.33
2023-01-29,26813.601,22112.329,3.4,1.78309897,4.33
2023-02-05,26813.601,22112.329,3.6,1.42020217,4.58
2023-02-12,26813.601,22112.329,3.6,1.42020217,4.58
2023-02-19,26813.601,22112.329,3.6,1.42020217,4.58
2023-02-26,26813.601,22112.329,3.6,1.42020217,4.58
2023-03-05,26813.601,22112.329,3.5,2.05963636,4.57
2023-03-12,26813.601,22112.329,3.5,2.05963636,4.57
2023-03-19,26813.601,22112.329,3.5,2.05963636,4.58
2023-03-26,26813.601,22112.329,3.5,2.05963636,4.83
2023-04-02,27063.012,22225.35,3.4,1.44391386,4.83
2023-04-09,27063.012,22225.35,3.4,1.44391386,4.83
2023-04-16,27063.012,22225.35,3.4,1.44391386,4.83
2023-04-23,27063.012,22225.35,3.4,1.44391386,4.83
2023-04-30,27063.012,22225.35,3.4,1.44391386,4.83
2023-05-07,27063.012,22225.35,3.7,1.53690406,5.08
2023-05-14,27063.012,22225.35,3.7,1.53690406,5.08
2023-05-21,27063.012,22225.35,3.7,1.53690406,5.08
2023-05-28,27063.012,22225.35,3.7,1.53690406,5.08
2023-06-04,27063.012,22225.35,3.6,1.06063107,5.08
